mass,run_name,cross_section_pb,cross_section_error_pb,status,return_code,note
200,run_01,2.883,0.0041975,ok,0,
300,run_02,1.4471,0.0020047,ok,0,
400,run_03,0.79255,0.0018613,ok,0,
500,run_04,0.46957,0.001084,ok,0,
600,run_05,0.29338,0.00065189,ok,0,
700,run_06,0.19223,0.00059473,ok,0,
800,run_07,0.13152,0.00034332,ok,0,
900,run_08,0.092514,0.00030214,ok,0,
1000,run_09,0.067294,0.00018792,ok,0,
1100,run_10,0.049973,0.00011757,ok,0,
1200,run_11,0.037798,0.00012476,ok,0,
1300,run_12,0.029222,7.1347e-05,ok,0,
1400,run_13,0.022776,5.7085e-05,ok,0,
