mass,run_name,cross_section_pb,cross_section_error_pb,status,return_code,note
200,run_01,17.324,0.026747,ok,0,
300,run_02,7.5885,0.0095414,ok,0,
400,run_03,3.6346,0.00427,ok,0,
500,run_04,1.8769,0.0017589,ok,0,
600,run_05,1.0295,0.0014805,ok,0,
700,run_06,0.59343,0.00075802,ok,0,
800,run_07,0.35527,0.00040998,ok,0,
900,run_08,0.22047,0.00027668,ok,0,
1000,run_09,0.14072,0.0001707,ok,0,
1100,run_10,0.091598,0.00012501,ok,0,
1200,run_11,0.061032,6.8921e-05,ok,0,
1300,run_12,0.041342,3.8562e-05,ok,0,
1400,run_13,0.028461,2.8737e-05,ok,0,
